id,name,model_id:id,group_id:id,perm_read,perm_write,perm_create,perm_unlink
access_phd_ass_facility_endoscopist,access.phd.ass.facility.endoscopist,model_phd_ass_facility,phd_ass_bridge.group_phd_ass_endoscopist,1,0,0,0
access_phd_ass_facility_nurse,access.phd.ass.facility.nurse,model_phd_ass_facility,phd_ass_bridge.group_phd_ass_nurse,1,0,0,0
access_phd_ass_facility_operations_admin,access.phd.ass.facility.operations.admin,model_phd_ass_facility,phd_ass_bridge.group_phd_ass_operations_admin,1,1,1,1
access_phd_ass_facility_admin,access.phd.ass.facility.admin,model_phd_ass_facility,phd_ass_bridge.group_phd_ass_admin,1,1,1,1
access_phd_ass_facility_unit_endoscopist,access.phd.ass.facility.unit.endoscopist,model_phd_ass_facility_unit,phd_ass_bridge.group_phd_ass_endoscopist,1,0,0,0
access_phd_ass_facility_unit_nurse,access.phd.ass.facility.unit.nurse,model_phd_ass_facility_unit,phd_ass_bridge.group_phd_ass_nurse,1,0,0,0
access_phd_ass_facility_unit_operations_admin,access.phd.ass.facility.unit.operations.admin,model_phd_ass_facility_unit,phd_ass_bridge.group_phd_ass_operations_admin,1,1,1,1
access_phd_ass_facility_unit_admin,access.phd.ass.facility.unit.admin,model_phd_ass_facility_unit,phd_ass_bridge.group_phd_ass_admin,1,1,1,1
access_phd_ass_care_team_endoscopist,access.phd.ass.care.team.endoscopist,model_phd_ass_care_team,phd_ass_bridge.group_phd_ass_endoscopist,1,0,0,0
access_phd_ass_care_team_nurse,access.phd.ass.care.team.nurse,model_phd_ass_care_team,phd_ass_bridge.group_phd_ass_nurse,1,0,0,0
access_phd_ass_care_team_operations_admin,access.phd.ass.care.team.operations.admin,model_phd_ass_care_team,phd_ass_bridge.group_phd_ass_operations_admin,1,1,1,1
access_phd_ass_care_team_admin,access.phd.ass.care.team.admin,model_phd_ass_care_team,phd_ass_bridge.group_phd_ass_admin,1,1,1,1
access_phd_ass_case_revision_operations_admin,access.phd.ass.case.revision.operations.admin,model_phd_ass_case_revision,phd_ass_bridge.group_phd_ass_operations_admin,1,0,0,0
access_phd_ass_case_revision_endoscopist,access.phd.ass.case.revision.endoscopist,model_phd_ass_case_revision,phd_ass_bridge.group_phd_ass_endoscopist,1,0,0,0
access_phd_ass_case_revision_admin,access.phd.ass.case.revision.admin,model_phd_ass_case_revision,phd_ass_bridge.group_phd_ass_admin,1,0,0,0
access_phd_ass_audit_event_operations_admin,access.phd.ass.audit.event.operations.admin,model_phd_ass_audit_event,phd_ass_bridge.group_phd_ass_operations_admin,1,0,0,0
access_phd_ass_audit_event_endoscopist,access.phd.ass.audit.event.endoscopist,model_phd_ass_audit_event,phd_ass_bridge.group_phd_ass_endoscopist,1,0,0,0
access_phd_ass_audit_event_admin,access.phd.ass.audit.event.admin,model_phd_ass_audit_event,phd_ass_bridge.group_phd_ass_admin,1,0,0,0
access_phd_ass_case_reopen_wizard_operations_admin,access.phd.ass.case.reopen.wizard.operations.admin,model_phd_ass_case_reopen_wizard,phd_ass_bridge.group_phd_ass_operations_admin,1,1,1,1
access_phd_ass_case_reopen_wizard_admin,access.phd.ass.case.reopen.wizard.admin,model_phd_ass_case_reopen_wizard,phd_ass_bridge.group_phd_ass_admin,1,1,1,1
access_phd_ass_case_endoscopist,access.phd.ass.case.endoscopist,model_phd_ass_case,phd_ass_bridge.group_phd_ass_endoscopist,1,1,1,0
access_phd_ass_case_nurse,access.phd.ass.case.nurse,model_phd_ass_case,phd_ass_bridge.group_phd_ass_nurse,1,1,1,0
access_phd_ass_case_operations_admin,access.phd.ass.case.operations.admin,model_phd_ass_case,phd_ass_bridge.group_phd_ass_operations_admin,1,0,0,0
access_phd_ass_case_admin,access.phd.ass.case.admin,model_phd_ass_case,phd_ass_bridge.group_phd_ass_admin,1,1,1,1
access_phd_ass_case_segment_endoscopist,access.phd.ass.case.segment.endoscopist,model_phd_ass_case_segment,phd_ass_bridge.group_phd_ass_endoscopist,1,1,1,0
access_phd_ass_case_segment_nurse,access.phd.ass.case.segment.nurse,model_phd_ass_case_segment,phd_ass_bridge.group_phd_ass_nurse,1,1,1,0
access_phd_ass_case_segment_operations_admin,access.phd.ass.case.segment.operations.admin,model_phd_ass_case_segment,phd_ass_bridge.group_phd_ass_operations_admin,1,0,0,0
access_phd_ass_case_segment_admin,access.phd.ass.case.segment.admin,model_phd_ass_case_segment,phd_ass_bridge.group_phd_ass_admin,1,1,1,1
access_phd_ass_case_lesion_endoscopist,access.phd.ass.case.lesion.endoscopist,model_phd_ass_case_lesion,phd_ass_bridge.group_phd_ass_endoscopist,1,1,1,0
access_phd_ass_case_lesion_nurse,access.phd.ass.case.lesion.nurse,model_phd_ass_case_lesion,phd_ass_bridge.group_phd_ass_nurse,1,1,1,0
access_phd_ass_case_lesion_operations_admin,access.phd.ass.case.lesion.operations.admin,model_phd_ass_case_lesion,phd_ass_bridge.group_phd_ass_operations_admin,1,0,0,0
access_phd_ass_case_lesion_admin,access.phd.ass.case.lesion.admin,model_phd_ass_case_lesion,phd_ass_bridge.group_phd_ass_admin,1,1,1,1
access_phd_ass_case_specimen_endoscopist,access.phd.ass.case.specimen.endoscopist,model_phd_ass_case_specimen,phd_ass_bridge.group_phd_ass_endoscopist,1,1,1,0
access_phd_ass_case_specimen_nurse,access.phd.ass.case.specimen.nurse,model_phd_ass_case_specimen,phd_ass_bridge.group_phd_ass_nurse,1,1,1,0
access_phd_ass_case_specimen_operations_admin,access.phd.ass.case.specimen.operations.admin,model_phd_ass_case_specimen,phd_ass_bridge.group_phd_ass_operations_admin,1,0,0,0
access_phd_ass_case_specimen_admin,access.phd.ass.case.specimen.admin,model_phd_ass_case_specimen,phd_ass_bridge.group_phd_ass_admin,1,1,1,1
access_phd_ass_case_image_endoscopist,access.phd.ass.case.image.endoscopist,model_phd_ass_case_image,phd_ass_bridge.group_phd_ass_endoscopist,1,1,1,0
access_phd_ass_case_image_nurse,access.phd.ass.case.image.nurse,model_phd_ass_case_image,phd_ass_bridge.group_phd_ass_nurse,1,1,1,0
access_phd_ass_case_image_operations_admin,access.phd.ass.case.image.operations.admin,model_phd_ass_case_image,phd_ass_bridge.group_phd_ass_operations_admin,1,0,0,0
access_phd_ass_case_image_admin,access.phd.ass.case.image.admin,model_phd_ass_case_image,phd_ass_bridge.group_phd_ass_admin,1,1,1,1
access_phd_ass_followup_task_endoscopist,access.phd.ass.followup.task.endoscopist,model_phd_ass_followup_task,phd_ass_bridge.group_phd_ass_endoscopist,1,1,1,0
access_phd_ass_followup_task_nurse,access.phd.ass.followup.task.nurse,model_phd_ass_followup_task,phd_ass_bridge.group_phd_ass_nurse,1,1,1,0
access_phd_ass_followup_task_operations_admin,access.phd.ass.followup.task.operations.admin,model_phd_ass_followup_task,phd_ass_bridge.group_phd_ass_operations_admin,1,1,1,0
access_phd_ass_followup_task_admin,access.phd.ass.followup.task.admin,model_phd_ass_followup_task,phd_ass_bridge.group_phd_ass_admin,1,1,1,1
access_phd_ass_sync_event_admin,access.phd.ass.sync.event.admin,model_phd_ass_sync_event,phd_ass_bridge.group_phd_ass_admin,1,0,0,0
